State,year,tax_rate,business_applications,gdp,min_wage,unemployment_rate,population,median_hh_income
Alabama,2005,6.5,4730,158846.8,5.15,4.5,4569805,53550
Alabama,2006,6.5,5229,166469.0,5.15,4.0,4628981,53170
Alabama,2007,6.5,5138,172975.2,5.15,4.0,4672840,57660
Alabama,2008,6.5,4979,174526.3,6.55,5.7,4718206,58600
Alabama,2009,6.5,4396,170930.9,7.25,11.0,4757938,52890
Alabama,2010,6.5,4661,177249.2,7.25,10.5,4785514,53420
Alabama,2011,6.5,5083,183916.6,7.25,9.6,4799642,53900
Alabama,2012,6.5,5210,189245.5,7.25,8.0,4816632,53970
Alabama,2013,6.5,5383,194786.9,7.25,7.2,4831586,58050
Alabama,2014,6.5,5447,197406.9,7.25,6.8,4843737,51140
Alabama,2015,6.5,5901,202372.4,7.25,6.1,4854803,53880
Alabama,2016,6.5,6358,207368.4,7.25,5.8,4866824,56660
Alabama,2017,6.5,7263,214606.3,7.25,4.4,4877989,59980
Alabama,2018,6.5,9238,223859.3,7.25,3.9,4891628,57720
Alabama,2019,6.5,8118,231561.9,7.25,3.2,4907965,64010
Alabama,2020,6.5,8063,230892.1,7.25,6.4,5031362,61650
Alabama,2021,6.5,8063,254109.7,7.25,3.4,5049846,61390
Alabama,2022,6.5,8456,277817.5,7.25,2.6,5074296,59910
Alaska,2005,5.44,31078,40356.6,7.15,6.9,666946,80570
Alaska,2006,5.44,33918,45094.1,7.15,6.6,675302,79030
Alaska,2007,5.44,33701,49583.7,7.15,6.3,680300,86040
Alaska,2008,5.44,32222,55122.5,7.15,6.7,687455,84310
Alaska,2009,5.44,29221,49957.8,7.25,7.7,698895,81490
Alaska,2010,5.44,29916,53331.6,7.75,7.9,713982,75490
Alaska,2011,5.44,28994,56896.3,7.75,7.6,722349,72690
Alaska,2012,5.44,29694,58283.6,7.75,7.1,730810,79030
Alaska,2013,5.44,29331,57247.7,7.75,7.0,737626,88910
Alaska,2014,5.44,29574,56484.9,7.75,6.9,737075,81800
Alaska,2015,5.34,31506,51490.9,8.75,6.5,738430,90920
Alaska,2016,5.34,34286,50727.7,9.75,6.9,742575,90860
Alaska,2017,5.34,36760,53301.5,9.8,7.0,740983,91960
Alaska,2018,5.34,41948,54899.6,9.84,6.6,736624,79450
Alaska,2019,5.34,41478,54728.2,9.89,5.6,733603,89290
Alaska,2020,5.34,58557,50475.2,10.19,8.3,732923,84260
Alaska,2021,5.34,75443,57349.4,10.34,6.4,734182,87490
Alaska,2022,5.34,70750,63618.0,10.34,4.0,733583,89740
Arizona,2005,6.97,19133,227915.9,5.15,4.7,5839077,65220
Arizona,2006,6.97,20400,245957.0,5.15,4.2,6029141,65360
Arizona,2007,6.97,19630,261392.0,6.75,3.9,6167681,64490
Arizona,2008,6.97,18707,262926.0,6.9,6.2,6280362,61810
Arizona,2009,6.97,17927,246424.3,7.25,9.9,6343154,60510
Arizona,2010,6.97,17843,251153.0,7.25,10.4,6407342,61200
Arizona,2011,6.97,17939,260915.7,7.35,9.5,6473416,61540
Arizona,2012,6.97,17812,271440.0,7.65,8.3,6556344,58410
Arizona,2013,6.97,17551,278591.6,7.8,7.7,6634690,64540
Arizona,2014,6.5,18445,287666.6,7.9,6.8,6732873,59580
Arizona,2015,5.5,19033,299393.3,8.05,6.1,6832810,63250
Arizona,2016,5.5,20445,313081.4,8.05,5.4,6944767,68510
Arizona,2017,4.9,23135,332001.8,10.0,4.9,7048088,70390
Arizona,2018,4.9,25678,351879.5,10.5,4.8,7164228,71990
Arizona,2019,4.9,25473,372393.5,11.0,4.8,7291843,80500
Arizona,2020,4.9,32314,382072.3,12.0,7.8,7179943,75620
Arizona,2021,4.9,41599,420026.7,12.15,5.1,7264877,76370
Arizona,2022,4.9,37562,458949.8,12.8,3.8,7359197,73450
Arkansas,2005,3.92,56547,90887.7,5.15,5.2,2781097,52840
Arkansas,2006,3.92,63067,95875.1,5.15,5.2,2821761,51910
Arkansas,2007,3.92,64673,98381.6,6.25,5.3,2848650,55720
Arkansas,2008,3.92,62972,99706.8,6.25,5.5,2874554,52160
Arkansas,2009,3.92,58279,97508.1,7.25,7.8,2896843,48330
Arkansas,2010,3.92,57926,101486.5,7.25,8.2,2921998,50350
Arkansas,2011,3.92,57837,105768.1,7.25,8.3,2941038,52270
Arkansas,2012,3.92,55305,108492.1,7.25,7.6,2952876,48450
Arkansas,2013,3.92,55516,113227.3,7.25,7.2,2960459,48310
Arkansas,2014,3.92,56401,116139.4,7.25,6.0,2968759,54340
Arkansas,2015,3.92,57176,117786.8,7.5,5.0,2979732,51810
Arkansas,2016,3.92,61448,119152.4,8.0,4.0,2991815,55080
Arkansas,2017,3.92,67833,122466.7,8.5,3.7,3003855,58660
Arkansas,2018,3.92,73424,127535.7,8.5,3.7,3012161,57540
Arkansas,2019,3.92,76539,131578.3,9.25,3.5,3020985,62120
Arkansas,2020,3.92,89957,133969.1,10.0,6.2,3014195,57240
Arkansas,2021,3.87,113142,148676.1,11.0,4.1,3028122,54760
Arkansas,2022,3.65,115080,165220.6,11.0,3.3,3045637,53980
California,2005,8.84,271636,1698560.4,6.75,5.4,35827943,74610
California,2006,8.84,286652,1812210.0,6.75,4.9,36021202,77490
California,2007,8.84,286737,1898902.0,7.5,5.4,36250311,76120
California,2008,8.84,271606,1944695.3,8.0,7.3,36604337,75120
California,2009,8.84,249246,1890165.9,8.0,11.2,36961229,74260
California,2010,8.84,256436,1954092.7,8.0,12.2,37319550,70840
California,2011,8.84,270057,2023500.0,8.0,11.7,37636311,67540
California,2012,8.84,268103,2113096.4,8.0,10.4,37944551,70800
California,2013,8.84,278014,2220389.9,8.0,8.9,38253768,74580
California,2014,8.84,293443,2335286.5,9.0,7.5,38586706,73170
California,2015,8.84,303657,2473555.9,9.0,6.2,38904296,77030
California,2016,8.84,312636,2569634.0,10.0,5.5,39149186,79960
California,2017,8.84,326592,2728743.1,10.5,4.8,39337785,82580
California,2018,8.84,364807,2897200.7,11.0,4.2,39437463,81480
California,2019,8.84,364924,3042694.1,12.0,4.1,39437610,88960
California,2020,8.84,438554,3020173.4,13.0,10.1,39501653,87530
California,2021,8.84,519236,3373240.7,14.0,7.3,39142991,87960
California,2022,8.84,485954,3598102.7,15.0,4.2,39029342,85300
Colorado,2005,4.63,55916,220783.7,5.15,5.0,4631888,72720
Colorado,2006,4.63,59202,232646.7,5.15,4.3,4720423,78020
Colorado,2007,4.63,60869,248446.5,6.85,3.7,4803868,83510
Colorado,2008,4.63,60008,258871.7,7.02,4.8,4889730,80290
Colorado,2009,4.63,58510,251227.7,7.28,7.3,4972195,73990
Colorado,2010,4.63,61196,258300.2,7.24,8.7,5047539,78600
Colorado,2011,4.63,59275,267516.1,7.36,8.4,5121900,74200
Colorado,2012,4.63,60454,276823.1,7.64,7.9,5193660,71090
Colorado,2013,4.63,63559,292140.5,7.78,6.9,5270774,83310
Colorado,2014,4.63,69410,309542.6,8.0,5.0,5352637,73710
Colorado,2015,4.63,71605,320721.1,8.23,3.9,5454328,80610
Colorado,2016,4.63,74807,329911.7,8.31,3.2,5543844,84670
Colorado,2017,4.63,80174,349156.5,9.3,2.7,5617421,88420
Colorado,2018,4.63,87686,372212.1,10.2,3.3,5697155,84420
Colorado,2019,4.63,86401,394534.7,11.1,2.7,5758486,82580
Colorado,2020,4.63,93461,391263.3,12.0,6.8,5784865,94440
Colorado,2021,4.55,111028,436359.5,12.32,5.4,5811297,91610
Colorado,2022,4.55,115689,484371.5,12.56,3.0,5839926,89930
Connecticut,2005,7.5,28378,205214.6,7.1,4.9,3506956,81930
Connecticut,2006,7.5,30682,219768.4,7.4,4.3,3517460,87420
Connecticut,2007,7.5,29812,234540.7,7.65,4.5,3527270,87610
Connecticut,2008,7.5,28378,238936.8,7.65,5.7,3545579,85220
Connecticut,2009,7.5,25851,233290.7,8.0,7.9,3561807,85790
Connecticut,2010,7.5,26231,234700.0,8.25,9.1,3579173,86120
Connecticut,2011,7.5,25979,233158.7,8.25,8.8,3588632,82790
Connecticut,2012,9.0,26870,240911.9,8.25,8.3,3595211,79770
Connecticut,2013,9.0,26117,241517.4,8.25,7.8,3595792,85010
Connecticut,2014,9.0,26561,246597.0,8.7,6.6,3595697,84870
Connecticut,2015,9.0,26196,259487.8,9.15,5.7,3588561,88230
Connecticut,2016,9.0,27581,263670.3,9.6,5.1,3579830,91100
Connecticut,2017,9.0,30105,271443.2,10.1,4.7,3575324,87620
Connecticut,2018,8.25,33990,279923.0,10.1,4.1,3574561,84160
Connecticut,2019,7.5,32869,288536.3,10.1,3.6,3566022,99420
Connecticut,2020,7.5,37252,276223.3,12.0,7.9,3597362,89540
Connecticut,2021,7.5,47244,298395.2,13.0,6.3,3623355,87300
Connecticut,2022,7.5,44568,321844.6,14.0,4.2,3626205,90730
Delaware,2005,8.7,7293,52153.5,6.15,4.1,845150,73860
Delaware,2006,8.7,7978,55174.4,6.15,3.6,859268,73460
Delaware,2007,8.7,7840,56612.8,6.65,3.4,871749,74560
Delaware,2008,8.7,8082,55459.8,7.15,4.9,883874,66800
Delaware,2009,8.7,7659,57849.7,7.25,8.3,891730,68940
Delaware,2010,8.7,7920,58163.5,7.25,8.4,899647,72050
Delaware,2011,8.7,8472,61372.2,7.25,7.5,907590,69180
Delaware,2012,8.7,8425,62354.6,7.25,7.2,915518,60810
Delaware,2013,8.7,8514,61716.2,7.25,6.7,924062,66360
Delaware,2014,8.7,9377,68354.7,7.75,5.7,933131,69580
Delaware,2015,8.7,9976,71913.9,8.25,4.9,942065,69910
Delaware,2016,8.7,9795,69355.0,8.25,4.5,949989,69650
Delaware,2017,8.7,10667,68302.5,8.25,4.5,957942,76600
Delaware,2018,8.7,11881,72168.3,8.25,3.8,966985,75140
Delaware,2019,8.7,12244,76923.7,8.75,3.6,976668,84510
Delaware,2020,8.7,14636,75818.6,9.25,7.5,992114,78930
Delaware,2021,8.7,16806,81160.0,9.25,5.5,1004807,74070
Delaware,2022,8.7,14286,87524.8,10.5,4.5,1018396,80750
District of Columbia,2005,9.98,11333,84867.6,6.6,6.4,567136,64860
District of Columbia,2006,9.98,11698,88125.0,7.0,5.8,570681,67910
District of Columbia,2007,9.98,13202,93785.4,7.0,5.5,574404,69360
District of Columbia,2008,9.98,13468,99496.5,7.55,6.5,580236,73240
District of Columbia,2009,9.98,12724,100446.0,8.25,9.3,592228,70300
District of Columbia,2010,9.98,13029,106146.9,8.25,9.4,605282,74290
District of Columbia,2011,9.98,14610,109730.4,8.25,10.2,620290,69930
District of Columbia,2012,9.98,15436,112157.0,8.25,9.0,635737,81010
District of Columbia,2013,9.98,15586,114540.1,8.25,8.5,651559,73680
District of Columbia,2014,9.98,16829,119414.6,9.5,7.8,663603,82590
District of Columbia,2015,9.4,16981,124604.7,10.5,6.9,677014,84820
District of Columbia,2016,9.4,19468,129648.6,11.5,6.1,687576,85170
District of Columbia,2017,9.0,23043,133243.5,12.5,6.1,697079,95840
District of Columbia,2018,8.25,26295,139722.5,13.25,5.6,704147,99110
District of Columbia,2019,8.25,25874,143990.8,14.0,5.5,708253,106100
District of Columbia,2020,8.25,30994,144720.0,15.0,7.9,670868,99440
District of Columbia,2021,8.25,44754,153670.5,15.2,6.8,668791,97740
District of Columbia,2022,8.25,45471,162314.4,16.1,4.7,671803,101700
Florida,2005,5.5,281702,705851.9,5.15,3.7,17842038,61970
Florida,2006,5.5,290268,750523.8,5.15,3.2,18166990,63990
Florida,2007,5.5,279459,782712.5,6.4,4.0,18367842,62550
Florida,2008,5.5,258082,763341.5,6.79,6.3,18527305,59100
Florida,2009,5.5,243920,735421.0,7.25,10.4,18652644,60360
Florida,2010,5.5,252217,746928.9,7.25,11.1,18846143,57500
Florida,2011,5.5,267246,755240.0,7.31,10.0,19055607,57090
Florida,2012,5.5,269100,778545.0,7.67,8.5,19302016,57210
Florida,2013,5.5,280413,811751.7,7.79,7.2,19551678,59540
Florida,2014,5.5,299324,851692.4,7.93,6.3,19853880,55810
Florida,2015,5.5,318823,908519.9,8.05,5.5,20219111,59100
Florida,2016,5.5,339529,953352.5,8.05,4.8,20627237,61400
Florida,2017,5.5,360105,1003144.0,8.1,4.2,20977089,62600
Florida,2018,5.5,393516,1057255.4,8.25,3.6,21254926,63160
Florida,2019,5.5,391658,1111392.2,8.46,3.2,21492056,66480
Florida,2020,4.46,497288,1116726.8,8.56,8.1,21589602,65110
Florida,2021,4.46,633654,1255558.3,8.65,4.6,21828069,64410
Florida,2022,5.5,607279,1389069.7,11.0,2.9,22244823,65370
Georgia,2005,6.0,97214,389537.7,5.15,5.3,8925922,66200
Georgia,2006,6.0,109627,406015.6,5.15,4.7,9155813,69120
Georgia,2007,6.0,115128,419606.3,5.15,4.5,9349988,66440
Georgia,2008,6.0,112521,416377.6,6.55,6.2,9504843,60910
Georgia,2009,6.0,107275,409590.8,7.25,9.9,9620846,57330
Georgia,2010,6.0,108040,418091.3,7.25,10.5,9712209,57570
Georgia,2011,6.0,110542,431653.9,7.25,10.2,9803630,58190
Georgia,2012,6.0,110873,447764.7,7.25,9.2,9903580,59750
Georgia,2013,6.0,106961,464752.8,7.25,8.2,9975592,57650
Georgia,2014,6.0,115636,490079.3,7.25,7.1,10071204,59940
Georgia,2015,6.0,121120,521008.2,7.25,6.0,10183353,61450
Georgia,2016,6.0,132593,547546.7,7.25,5.4,10308442,64230
Georgia,2017,6.0,144553,573777.2,7.25,4.7,10417031,68370
Georgia,2018,6.0,160084,602366.4,7.25,3.9,10519389,64520
Georgia,2019,5.75,172020,637992.5,7.25,3.6,10628020,64500
Georgia,2020,5.75,269850,625425.7,7.25,6.5,10729828,66810
Georgia,2021,5.75,327144,691626.9,7.25,3.9,10788029,66310
Georgia,2022,5.75,272636,755697.9,7.25,3.0,10912876,67730
Hawaii,2005,5.4,9609,57369.4,6.25,2.9,1292729,85890
Hawaii,2006,5.4,10534,60846.5,6.75,2.6,1309731,84710
Hawaii,2007,5.4,10819,64163.6,7.25,2.8,1315675,87440
Hawaii,2008,5.4,11029,65678.2,7.25,4.3,1332213,81060
Hawaii,2009,5.4,9725,64549.7,7.25,7.2,1346717,73620
Hawaii,2010,5.4,10020,66872.9,7.25,6.9,1364004,77700
Hawaii,2011,5.4,10667,69083.9,7.25,6.8,1379562,74730
Hawaii,2012,5.4,10934,71905.3,7.25,6.0,1395199,69860
Hawaii,2013,5.4,10913,74554.9,7.25,4.9,1408822,78800
Hawaii,2014,5.4,11236,76773.3,7.25,4.4,1415335,86150
Hawaii,2015,5.4,11753,81230.3,7.75,3.6,1422999,78090
Hawaii,2016,5.4,11935,83914.4,8.5,3.0,1428885,86550
Hawaii,2017,5.4,12676,87217.4,9.25,2.4,1425763,86780
Hawaii,2018,5.4,15393,90330.8,10.1,2.4,1423102,92590
Hawaii,2019,5.4,14504,91912.7,10.1,2.5,1415615,100200
Hawaii,2020,5.4,15745,82535.5,10.1,11.7,1451043,91110
Hawaii,2021,5.4,19145,91096.1,10.1,6.0,1447154,88630
Hawaii,2022,5.4,18469,98218.8,12.0,3.5,1440196,91010
Idaho,2005,7.6,17890,48642.8,5.15,4.0,1428241,63680
Idaho,2006,7.6,18630,51125.8,5.15,3.5,1468669,64740
Idaho,2007,7.6,18308,53934.5,5.15,3.1,1505105,67180
Idaho,2008,7.6,17969,56200.8,5.85,5.1,1534320,62480
Idaho,2009,7.6,17072,54064.1,6.55,8.8,1554439,61880
Idaho,2010,7.6,17834,55587.6,7.25,9.0,1570819,61400
Idaho,2011,7.6,18357,56941.1,7.25,8.3,1584272,60070
Idaho,2012,7.6,18283,58323.9,7.25,7.2,1595910,59500
Idaho,2013,7.4,17991,61835.8,7.25,6.1,1612053,59460
Idaho,2014,7.4,17956,64575.2,7.25,4.8,1632248,64640
Idaho,2015,7.4,18702,65899.9,7.25,4.2,1652495,62490
Idaho,2016,7.4,19894,68837.4,7.25,3.8,1684036,67870
Idaho,2017,7.4,22527,71730.3,7.25,3.2,1719745,70160
Idaho,2018,7.4,24365,77395.4,7.25,2.8,1752074,67880
Idaho,2019,6.92,22035,82847.2,7.25,2.9,1789060,75160
Idaho,2020,6.92,24022,85927.8,7.25,5.5,1849202,75220
Idaho,2021,6.92,29784,96282.8,7.25,3.5,1904314,82940
Idaho,2022,6.0,29762,109546.5,7.25,2.7,1939033,72580
Illinois,2005,7.3,15013,589811.8,6.5,5.7,12609903,69770
Illinois,2006,7.3,17146,624242.9,6.5,4.5,12643955,68180
Illinois,2007,7.3,16718,650145.2,6.5,5.0,12695866,71710
Illinois,2008,7.3,14818,654657.5,7.5,6.3,12747038,70160
Illinois,2009,7.3,12787,649862.7,7.75,10.2,12796778,69940
Illinois,2010,7.3,12833,666404.8,8.0,10.4,12840545,66200
Illinois,2011,9.5,13210,692880.8,8.25,9.7,12867783,64090
Illinois,2012,9.5,13238,726399.1,8.25,9.0,12883029,64240
Illinois,2013,9.5,13270,741121.5,8.25,9.0,12895778,66170
Illinois,2014,9.5,13870,771356.1,8.25,7.1,12885092,66430
Illinois,2015,7.75,14787,799930.5,8.25,6.0,12859585,73130
Illinois,2016,7.75,17305,807043.2,8.25,5.8,12821709,73650
Illinois,2017,7.75,17866,824913.4,8.25,4.9,12779893,77790
Illinois,2018,9.5,22611,865661.0,8.25,4.3,12724685,81080
Illinois,2019,9.5,21603,889540.1,8.25,4.0,12667017,84740
Illinois,2020,9.5,22233,856942.9,10.0,9.3,12786580,83790
Illinois,2021,9.5,28612,945673.8,11.0,6.1,12686469,85460
Illinois,2022,9.5,29683,1033310.1,12.0,4.6,12582032,78020
Indiana,2005,8.5,95482,248170.5,5.15,5.5,6278616,61170
Indiana,2006,8.5,98379,259602.8,5.15,5.0,6332669,63610
Indiana,2007,8.5,99688,273509.5,5.15,4.6,6379599,64810
Indiana,2008,8.5,106666,275538.7,5.85,5.9,6424806,61290
Indiana,2009,8.5,95952,263326.8,6.55,10.3,6459325,58610
Indiana,2010,8.5,98430,282562.2,7.25,10.4,6490555,60210
Indiana,2011,8.5,99249,291356.1,7.25,9.1,6517250,56250
Indiana,2012,8.5,95604,300513.9,7.25,8.3,6538989,57310
Indiana,2013,8.0,95308,312138.5,7.25,7.7,6570575,60670
Indiana,2014,7.5,98226,327958.3,7.25,6.0,6596019,58130
Indiana,2015,6.5,98701,331945.7,7.25,4.8,6611442,62930
Indiana,2016,6.5,100022,340500.7,7.25,4.4,6637898,67310
Indiana,2017,6.25,104197,352601.0,7.25,3.6,6662068,69290
Indiana,2018,6.0,116355,373196.8,7.25,3.4,6698481,69230
Indiana,2019,5.75,117402,381132.3,7.25,3.3,6731010,75960
Indiana,2020,5.5,170502,373781.6,7.25,7.3,6788799,75310
Indiana,2021,5.25,199344,412975.2,7.25,3.9,6813532,75690
Indiana,2022,4.9,169449,455750.2,7.25,3.0,6833037,70030
Iowa,2005,9.0,37943,123190.9,5.15,4.3,2964454,67030
Iowa,2006,9.0,39399,127896.3,5.15,3.7,2982644,67420
Iowa,2007,9.0,40140,137930.2,5.15,3.7,2999212,66800
Iowa,2008,9.0,43343,137548.5,7.25,4.2,3016734,66060
Iowa,2009,9.0,48961,136894.6,7.25,6.4,3032870,67100
Iowa,2010,9.0,45021,142233.9,7.25,6.0,3050819,63960
Iowa,2011,9.0,44776,148477.6,7.25,5.5,3066772,63560
Iowa,2012,9.0,43896,158538.4,7.25,5.0,3076844,66360
Iowa,2013,9.0,42663,162200.3,7.25,4.7,3093935,73800
Iowa,2014,9.0,42394,173095.9,7.25,4.2,3110643,69930
Iowa,2015,9.0,43482,180299.3,7.25,3.8,3122541,73660
Iowa,2016,9.0,44739,181011.4,7.25,3.6,3133210,70900
Iowa,2017,9.0,48058,184561.3,7.25,3.1,3143734,74840
Iowa,2018,9.0,52144,191516.6,7.25,2.5,3149900,79430
Iowa,2019,9.0,53820,195708.7,7.25,2.7,3159596,75240
Iowa,2020,9.0,69041,196982.9,7.25,5.2,3190571,77570
Iowa,2021,8.1,86971,216860.2,7.25,3.8,3197689,78100
Iowa,2022,8.1,82971,231107.8,7.25,2.7,3200517,76320
Kansas,2005,4.0,18927,105526.3,2.65,5.0,2745299,60580
Kansas,2006,4.0,19570,114091.9,2.65,4.4,2762931,63810
Kansas,2007,5.68,18913,123878.7,2.65,4.2,2783785,66240
Kansas,2008,5.68,18525,128604.3,2.65,4.6,2808076,63080
Kansas,2009,5.52,18414,125348.9,2.65,6.9,2832704,59150
Kansas,2010,5.52,18816,128591.3,7.25,7.1,2858266,60100
Kansas,2011,5.5,19591,136358.9,7.25,6.5,2869677,58410
Kansas,2012,5.5,19476,141818.2,7.25,5.7,2886024,62090
Kansas,2013,5.5,19357,144483.2,7.25,5.3,2894306,58670
Kansas,2014,5.5,19084,150183.6,7.25,4.5,2901861,64650
Kansas,2015,5.5,20277,154958.2,7.25,4.2,2910717,66410
Kansas,2016,5.5,21185,160451.0,7.25,4.0,2912977,68160
Kansas,2017,5.5,21861,165182.5,7.25,3.7,2910892,67090
Kansas,2018,5.5,24413,172343.0,7.25,3.4,2912748,73900
Kansas,2019,5.5,22524,176564.4,7.25,3.3,2912635,83320
Kansas,2020,5.5,24566,177580.9,7.25,5.8,2937919,82380
Kansas,2021,5.5,30401,191380.6,7.25,3.3,2937922,81930
Kansas,2022,5.5,30861,210670.5,7.25,2.7,2937150,73040
Kentucky,2005,6.05,25430,145011.1,5.15,5.9,4182742,52900
Kentucky,2006,5.33,25883,153408.4,5.15,5.7,4219239,55310
Kentucky,2007,5.33,24993,157163.7,5.15,5.4,4256672,53890
Kentucky,2008,5.0,25109,159883.8,5.85,6.4,4289878,54210
Kentucky,2009,5.0,23401,157479.8,6.55,10.3,4317074,56440
Kentucky,2010,5.0,24641,166408.7,7.25,10.2,4348464,53640
Kentucky,2011,5.0,24775,171586.9,7.25,9.4,4370817,50440
Kentucky,2012,5.0,24937,178143.7,7.25,8.2,4387865,51020
Kentucky,2013,5.0,24958,184524.4,7.25,8.0,4406906,55060
Kentucky,2014,5.0,25241,187983.8,7.25,6.5,4416992,51750
Kentucky,2015,5.0,25069,193413.1,7.25,5.3,4429126,51310
Kentucky,2016,5.0,27035,196484.9,7.25,5.1,4440306,54440
Kentucky,2017,5.0,30423,201872.2,7.25,4.9,4455590,58570
Kentucky,2018,5.0,33807,208558.6,7.25,4.3,4464273,63060
Kentucky,2019,5.0,32902,218494.7,7.25,4.1,4472345,63400
Kentucky,2020,5.0,37356,216865.6,7.25,6.5,4507445,63980
Kentucky,2021,5.0,47167,237182.0,7.25,4.7,4506589,59980
Kentucky,2022,5.0,46553,260304.1,7.25,3.9,4512310,55880
Louisiana,2005,6.0,36006,199594.7,5.15,7.2,4576628,53680
Louisiana,2006,6.0,41127,207773.8,5.15,4.5,4302665,51110
Louisiana,2007,6.0,39597,203041.0,5.85,4.3,4375581,56430
Louisiana,2008,6.0,39122,212392.4,6.55,4.9,4435586,52130
Louisiana,2009,6.0,36442,204906.9,7.25,6.8,4491648,60100
Louisiana,2010,6.0,39386,225308.9,7.25,8.0,4544635,51280
Louisiana,2011,6.0,40172,229945.0,7.25,7.8,4576244,51460
Louisiana,2012,6.0,38978,235384.7,7.25,7.1,4602067,48530
Louisiana,2013,6.0,39101,230832.5,7.25,6.7,4626040,56950
Louisiana,2014,6.0,39596,240737.3,7.25,6.4,4645938,51290
Louisiana,2015,6.0,44302,235113.5,7.25,6.3,4666998,55590
Louisiana,2016,6.0,49110,227090.7,7.25,6.1,4681346,50630
Louisiana,2017,6.0,52482,241213.4,7.25,5.1,4673673,51370
Louisiana,2018,6.0,53966,256677.8,7.25,4.9,4664450,57760
Louisiana,2019,6.0,54114,255481.9,7.25,4.6,4658285,58890
Louisiana,2020,6.0,84035,232527.8,7.25,8.6,4651664,57700
Louisiana,2021,6.0,100372,258571.3,7.25,5.6,4627098,61690
Louisiana,2022,5.33,80385,281429.3,7.25,3.7,4590241,58330
Maine,2005,7.17,46848,47078.5,6.35,4.9,1318787,63320
Maine,2006,7.17,48510,49045.4,6.5,4.6,1323619,63940
Maine,2007,7.17,46587,50459.3,6.75,4.7,1327040,65420
Maine,2008,7.17,43814,50713.2,7.0,5.5,1330509,62220
Maine,2009,7.17,43176,51123.8,7.25,8.1,1329590,62840
Maine,2010,7.17,47043,52256.2,7.5,8.1,1327651,62550
Maine,2011,7.17,46737,52575.5,7.5,7.9,1328473,62890
Maine,2012,7.17,46821,53679.7,7.5,7.5,1328094,61040
Maine,2013,7.17,47710,54470.1,7.5,6.6,1328543,67420
Maine,2014,7.17,49402,56410.8,7.5,5.6,1331217,62550
Maine,2015,7.17,49879,58131.3,7.5,4.4,1329098,61440
Maine,2016,7.17,51440,60254.4,7.5,3.8,1332348,61020
Maine,2017,7.17,54860,62253.6,9.0,3.4,1335743,62870
Maine,2018,7.17,59198,65477.1,10.0,3.4,1340123,67810
Maine,2019,7.17,57256,68690.4,11.0,2.9,1345770,75800
Maine,2020,7.17,61801,70740.0,12.0,5.1,1363557,71800
Maine,2021,7.17,75665,77963.3,12.15,4.6,1377238,76710
Maine,2022,7.17,71112,84497.5,12.75,3.0,1385340,75160
Maryland,2005,7.0,54307,262100.0,5.15,4.1,5592379,87230
Maryland,2006,7.0,58362,274145.3,5.15,3.9,5627367,89190
Maryland,2007,7.0,58322,282965.6,6.15,3.5,5653408,89640
Maryland,2008,8.25,55525,295400.2,6.15,4.2,5684965,83940
Maryland,2009,8.25,48882,299102.7,6.55,7.0,5730388,84910
Maryland,2010,8.25,50975,314728.3,7.25,7.7,5788784,83780
Maryland,2011,8.25,51737,326281.2,7.25,7.2,5840241,87170
Maryland,2012,8.25,53058,332523.5,7.25,7.0,5888375,89200
Maryland,2013,8.25,56531,340577.6,7.25,6.6,5925197,85080
Maryland,2014,8.25,57793,352761.3,7.25,5.8,5960064,92130
Maryland,2015,8.25,58752,369728.1,8.0,5.1,5988528,89090
Maryland,2016,8.25,61753,387733.4,8.75,4.5,6007014,88500
Maryland,2017,8.25,68239,400157.0,9.25,4.3,6028186,96800
Maryland,2018,8.25,75050,410812.2,10.1,3.9,6042153,99660
Maryland,2019,8.25,75446,420371.3,10.1,3.4,6054954,108900
Maryland,2020,8.25,97294,410931.0,11.0,6.5,6173205,106900
Maryland,2021,8.25,114990,443929.9,11.75,5.3,6174610,105000
Maryland,2022,8.25,99078,470187.1,12.5,3.2,6164660,108200
Massachusetts,2005,9.5,9150,341993.2,6.75,4.8,6403290,80750
Massachusetts,2006,9.5,9250,359270.0,6.75,4.9,6410084,77510
Massachusetts,2007,9.5,8655,378519.1,7.5,4.6,6431559,79850
Massachusetts,2008,9.5,7863,390778.4,8.0,5.5,6468967,79470
Massachusetts,2009,9.5,7046,390504.8,8.0,8.1,6517613,78540
Massachusetts,2010,8.8,7466,411136.1,8.0,8.3,6566440,79520
Massachusetts,2011,8.25,7313,425523.0,8.0,7.3,6614218,80130
Massachusetts,2012,8.0,7334,442916.9,8.0,6.7,6664269,79040
Massachusetts,2013,8.0,7269,454321.2,8.0,6.7,6715158,76710
Massachusetts,2014,8.0,7452,470468.5,8.0,5.7,6764864,76390
Massachusetts,2015,8.0,7744,498851.3,9.0,4.8,6797484,82150
Massachusetts,2016,8.0,8021,514637.6,10.0,3.9,6827280,86710
Massachusetts,2017,8.0,8818,531008.0,11.0,3.8,6863560,89900
Massachusetts,2018,8.0,10885,563054.3,11.0,3.3,6885720,99800
Massachusetts,2019,8.0,9973,589904.3,12.0,3.0,6894883,99900
Massachusetts,2020,8.0,10576,585150.3,12.75,9.4,6995729,98980
Massachusetts,2021,8.0,13465,641332.2,13.5,5.5,6989690,93340
Massachusetts,2022,8.0,12917,688391.6,14.25,3.8,6981974,93550
Michigan,2005,1.9,76018,400268.9,5.15,6.8,10051137,66210
Michigan,2006,1.9,78336,401869.0,5.15,7.0,10036081,68150
Michigan,2007,1.9,79253,409615.4,6.95,7.0,10001284,67430
Michigan,2008,4.95,77894,390420.9,7.15,8.0,9946889,65600
Michigan,2009,4.95,73228,368733.8,7.4,13.7,9901591,60840
Michigan,2010,4.95,75717,390043.0,7.4,12.6,9877597,60390
Michigan,2011,0.0,75329,404554.7,7.4,10.4,9883053,61860
Michigan,2012,6.0,74134,422691.2,7.4,9.1,9898289,62100
Michigan,2013,6.0,72498,437274.4,7.4,8.8,9914802,69400
Michigan,2014,6.0,73849,451773.2,8.15,7.2,9932033,62910
Michigan,2015,6.0,74641,474983.3,8.15,5.4,9934483,65610
Michigan,2016,6.0,79164,490264.0,8.5,5.0,9954117,68500
Michigan,2017,6.0,84081,502130.4,8.9,4.6,9976752,66510
Michigan,2018,6.0,94121,520245.1,9.25,4.1,9987286,69870
Michigan,2019,6.0,94441,532217.0,9.45,4.1,9984795,73030
Michigan,2020,6.0,130253,520105.3,9.65,10.0,10069577,72590
Michigan,2021,6.0,150826,572205.8,9.65,5.8,10037504,69540
Michigan,2022,6.0,136794,620695.6,9.87,4.2,10034113,68990
Minnesota,2005,9.8,39685,245380.5,5.15,4.1,5119598,78150
Minnesota,2006,9.8,40117,252295.9,6.15,4.0,5163555,78740
Minnesota,2007,9.8,40336,262063.1,6.15,4.6,5207203,79300
Minnesota,2008,9.8,39482,267420.6,6.15,5.4,5247018,72370
Minnesota,2009,9.8,44214,262088.9,6.15,7.8,5281203,74200
Minnesota,2010,9.8,39637,274231.3,6.15,7.4,5310934,68280
Minnesota,2011,9.8,38704,287039.3,6.15,6.5,5346620,73180
Minnesota,2012,9.8,39557,298328.3,6.15,5.6,5377500,76730
Minnesota,2013,9.8,38939,311126.4,6.15,5.0,5414722,78910
Minnesota,2014,9.8,39356,324751.4,8.0,4.2,5452665,81340
Minnesota,2015,9.8,39577,335530.2,9.0,3.7,5484002,83200
Minnesota,2016,9.8,40108,344060.8,9.5,3.9,5525360,84250
Minnesota,2017,9.8,43434,353664.9,9.5,3.4,5569283,82510
Minnesota,2018,9.8,47368,372011.3,9.65,2.9,5608762,83010
Minnesota,2019,9.8,46028,383956.6,9.86,3.3,5640053,92740
Minnesota,2020,9.8,53192,376814.4,10.0,6.3,5709852,88770
Minnesota,2021,9.8,64880,412458.6,10.08,3.8,5711471,86740
Minnesota,2022,9.8,60878,446499.5,10.33,2.7,5717184,90390
Mississippi,2005,4.0,44731,82448.5,5.15,7.5,2905943,47390
Mississippi,2006,4.0,47386,87099.5,5.15,6.5,2904978,48660
Mississippi,2007,4.0,45547,91191.4,5.85,6.1,2928350,50920
Mississippi,2008,4.0,43895,94514.5,6.55,6.6,2947806,48020
Mississippi,2009,4.0,41192,91792.2,7.25,9.5,2958774,46400
Mississippi,2010,4.0,43043,93943.1,7.25,10.4,2970615,49800
Mississippi,2011,4.0,43616,96218.0,7.25,10.0,2979147,52010
Mississippi,2012,4.0,44508,100448.4,7.25,9.0,2984599,45500
Mississippi,2013,4.0,43847,102371.0,7.25,8.5,2989839,39670
Mississippi,2014,4.0,44159,104300.3,7.25,7.5,2991892,42970
Mississippi,2015,4.0,47213,105914.6,7.25,6.4,2990231,48460
Mississippi,2016,4.0,51503,107291.4,7.25,5.8,2990595,49310
Mississippi,2017,4.0,54950,109600.8,7.25,5.1,2990674,51030
Mississippi,2018,3.0,58690,112201.7,7.25,4.8,2982879,49450
Mississippi,2019,3.0,58803,114234.4,7.25,5.5,2978227,51010
Mississippi,2020,3.0,69989,115123.4,7.25,8.0,2958141,50880
Mississippi,2021,3.0,84377,127307.7,7.25,5.5,2949586,50290
Mississippi,2022,3.0,80770,138739.7,7.25,3.9,2940057,48610
Missouri,2005,6.25,19508,227971.3,5.15,5.4,5790300,61970
Missouri,2006,6.25,22362,236386.0,5.15,4.8,5842704,62450
Missouri,2007,6.25,22214,244331.3,6.5,5.1,5887612,62840
Missouri,2008,6.25,20717,254045.8,6.65,6.1,5923916,60660
Missouri,2009,6.25,19546,253317.7,7.25,9.3,5961088,64510
Missouri,2010,6.25,19723,259816.1,7.25,9.6,5996089,59790
Missouri,2011,6.25,20383,262067.1,7.25,8.5,6011182,57930
Missouri,2012,6.25,19929,271535.1,7.25,6.9,6026027,61790
Missouri,2013,6.25,20433,280571.0,7.35,6.7,6042989,56800
Missouri,2014,6.25,21461,287507.5,7.5,6.1,6059130,68500
Missouri,2015,6.25,22786,296929.3,7.65,5.0,6075411,71660
Missouri,2016,6.25,24586,300914.5,7.65,4.6,6091384,66010
Missouri,2017,6.25,28178,308002.3,7.7,3.8,6111382,66660
Missouri,2018,6.25,30290,318153.5,7.85,3.2,6125986,71350
Missouri,2019,6.25,31383,332485.8,8.6,3.2,6140475,69020
Missouri,2020,4.0,50703,330249.9,9.45,6.1,6153998,70090
Missouri,2021,4.0,66315,358572.0,10.3,4.1,6169823,68570
Missouri,2022,4.0,55663,389931.2,11.15,2.5,6177957,71520
Montana,2005,6.75,11190,30875.8,5.15,4.4,940102,53790
Montana,2006,6.75,11492,33166.1,5.15,3.5,952692,57580
Montana,2007,6.75,10858,36233.2,6.15,3.6,964706,59630
Montana,2008,6.75,10570,37224.9,6.55,5.1,976415,56520
Montana,2009,6.75,8765,36187.8,7.25,6.8,983982,53490
Montana,2010,6.75,9445,38336.1,7.25,7.3,990730,53870
Montana,2011,6.75,9681,40995.1,7.35,6.9,997518,50980
Montana,2012,6.75,9694,42340.9,7.65,6.0,1004168,55980
Montana,2013,6.75,9631,43687.9,7.65,5.4,1014158,53000
Montana,2014,6.75,10173,45177.2,7.9,4.7,1022657,61810
Montana,2015,6.75,10581,46604.1,8.05,4.2,1031495,62210
Montana,2016,6.75,11125,45490.9,8.05,4.1,1042137,68480
Montana,2017,6.75,12140,48533.9,8.15,3.9,1053862,67690
Montana,2018,6.75,15422,50916.9,8.3,3.7,1061818,66670
Montana,2019,6.75,14125,51925.4,8.5,3.5,1070123,68560
Montana,2020,6.75,14953,52355.8,8.65,5.8,1087075,63960
Montana,2021,6.75,19098,58699.8,8.75,3.4,1106227,70090
Montana,2022,6.75,20527,65014.5,9.2,2.6,1122867,72980
Nebraska,2005,6.7,71732,74564.5,5.15,3.8,1761497,69080
Nebraska,2006,6.7,77018,78813.8,5.15,3.1,1772693,67440
Nebraska,2007,6.7,79050,83834.8,5.15,3.0,1783440,67160
Nebraska,2008,6.7,73766,85628.0,5.85,3.3,1796378,66840
Nebraska,2009,6.7,67812,86870.4,6.55,4.6,1812683,65610
Nebraska,2010,6.7,68170,91561.5,7.25,4.6,1829591,68510
Nebraska,2011,6.7,70242,99921.1,7.25,4.4,1840914,70390
Nebraska,2012,6.7,70172,102725.9,7.25,4.0,1853691,64810
Nebraska,2013,6.7,70918,107260.7,7.25,3.8,1865813,70690
Nebraska,2014,6.7,73031,111945.9,7.25,3.3,1879955,68790
Nebraska,2015,6.7,78767,116514.6,8.0,3.0,1892059,73200
Nebraska,2016,6.7,82521,118145.9,9.0,3.1,1906483,71240
Nebraska,2017,6.7,91186,121726.6,9.0,2.9,1916998,70260
Nebraska,2018,6.7,98325,127015.5,9.0,2.8,1925512,78110
Nebraska,2019,6.7,103481,131866.9,9.0,3.1,1932571,83230
Nebraska,2020,6.7,133885,134580.8,9.0,4.3,1962642,81440
Nebraska,2021,6.7,171913,146285.4,9.0,2.7,1963554,84220
Nebraska,2022,6.7,163763,161702.0,9.0,2.3,1967923,78360
Nevada,2005,0.0,4191,116166.2,5.15,4.1,2432143,69490
Nevada,2006,0.0,4483,125848.3,5.15,4.0,2522658,73240
Nevada,2007,0.0,4359,131620.9,6.15,4.5,2601072,73830
Nevada,2008,0.0,4637,130609.5,6.33,6.7,2653630,72130
Nevada,2009,0.0,4210,122127.1,6.85,11.3,2684665,68040
Nevada,2010,0.0,4848,124669.4,7.55,13.5,2702483,66810
Nevada,2011,0.0,6116,127677.9,8.25,13.0,2713114,59540
Nevada,2012,0.0,6579,129312.9,8.25,11.2,2744670,58770
Nevada,2013,0.0,6422,132086.4,8.25,9.6,2776956,63600
Nevada,2014,0.0,6759,136008.7,8.25,7.9,2818935,60330
Nevada,2015,0.0,6125,145115.9,8.25,6.8,2868531,62960
Nevada,2016,0.0,5746,151840.4,8.25,5.7,2919555,66510
Nevada,2017,0.0,7332,160653.1,8.25,5.1,2972097,68440
Nevada,2018,0.0,8593,170257.6,8.25,4.6,3030725,71510
Nevada,2019,0.0,6863,182186.3,8.25,4.1,3090771,80760
Nevada,2020,0.0,6619,172562.6,9.0,13.5,3115648,68950
Nevada,2021,0.0,8048,194486.6,9.75,6.9,3146402,69380
Nevada,2022,0.0,7940,215917.8,10.5,5.4,3177772,72330
New Hampshire,2005,8.88,10735,56952.6,5.15,3.6,1298492,82140
New Hampshire,2006,8.88,11216,60017.0,5.15,3.4,1308389,86810
New Hampshire,2007,8.88,10951,61782.1,5.15,3.5,1312540,92300
New Hampshire,2008,8.88,10953,61700.2,6.5,3.9,1315906,87190
New Hampshire,2009,8.5,10383,62522.9,7.25,6.2,1316102,84840
New Hampshire,2010,8.5,10858,64843.6,7.25,5.8,1316807,86950
New Hampshire,2011,8.5,11650,66153.2,7.25,5.4,1320444,83380
New Hampshire,2012,8.5,12086,68498.1,7.25,5.5,1324677,84210
New Hampshire,2013,8.5,12042,70476.2,7.25,5.1,1327272,84770
New Hampshire,2014,8.5,12498,72995.2,7.25,4.3,1334257,88780
New Hampshire,2015,8.5,12744,76478.0,7.25,3.4,1337480,91600
New Hampshire,2016,8.5,12826,79090.1,7.25,2.9,1343694,91500
New Hampshire,2017,8.2,14544,80598.0,7.25,2.7,1350395,89180
New Hampshire,2018,8.2,16425,83869.8,7.25,2.5,1355064,94020
New Hampshire,2019,7.7,14938,87338.2,7.25,2.6,1360783,98980
New Hampshire,2020,7.7,16101,88337.7,7.25,6.7,1378587,100200
New Hampshire,2021,7.7,19391,99673.3,7.25,3.4,1387505,95800
New Hampshire,2022,7.6,20386,105414.4,7.25,2.5,1395231,84970
New Jersey,2005,7.67,10660,435736.7,5.15,4.5,8651974,91350
New Jersey,2006,7.67,10573,457593.1,6.15,4.7,8661679,95340
New Jersey,2007,7.67,10299,474867.9,7.15,4.3,8677885,82640
New Jersey,2008,7.67,9760,496227.2,7.15,5.3,8711090,86040
New Jersey,2009,7.67,8819,482458.9,7.25,9.1,8755602,85690
New Jersey,2010,9.0,8307,492762.4,7.25,9.5,8799451,82170
New Jersey,2011,9.0,8653,495965.8,7.25,9.3,8828552,78900
New Jersey,2012,9.0,8736,517195.9,7.25,9.3,8845671,82810
New Jersey,2013,9.0,8413,534177.8,7.25,8.2,8857821,78210
New Jersey,2014,9.0,8451,542842.8,8.25,6.8,8867277,78920
New Jersey,2015,7.67,8630,563233.8,8.38,5.8,8870312,82750
New Jersey,2016,7.67,9129,575501.0,8.38,5.0,8873584,82150
New Jersey,2017,9.0,11166,587421.0,8.44,4.6,8888147,84000
New Jersey,2018,9.0,12835,614106.5,8.6,4.1,8891730,85740
New Jersey,2019,8.62,11117,637630.4,10.0,3.5,8891258,99920
New Jersey,2020,8.38,11400,620085.9,11.0,9.4,9271689,96430
New Jersey,2021,8.62,13743,682945.9,12.0,6.6,9267961,95490
New Jersey,2022,8.62,13893,745422.2,13.0,3.7,9261699,92340
New Mexico,2005,6.27,87235,73911.4,5.15,5.1,1932274,56140
New Mexico,2006,6.27,90496,77610.4,5.15,4.2,1962137,56070
New Mexico,2007,6.27,92609,80799.8,5.15,3.8,1990070,60580
New Mexico,2008,6.27,89414,84688.4,6.5,4.5,2010662,55470
New Mexico,2009,6.27,83277,82461.5,7.5,7.5,2036802,57600
New Mexico,2010,6.27,86361,84611.5,7.5,8.1,2064614,58900
New Mexico,2011,6.27,89536,87062.8,7.5,7.5,2080707,53130
New Mexico,2012,6.27,88736,87925.2,7.5,7.1,2087715,53920
New Mexico,2013,6.27,91207,88756.9,7.5,6.9,2092833,49280
New Mexico,2014,6.17,89754,92185.7,7.5,6.7,2090236,56470
New Mexico,2015,5.93,92206,90274.3,7.5,6.5,2090071,54620
New Mexico,2016,5.93,95040,89769.4,7.5,6.6,2092555,58130
New Mexico,2017,5.83,101395,92273.6,7.5,5.9,2092844,53770
New Mexico,2018,5.35,109227,97268.0,7.5,4.9,2093754,55810
New Mexico,2019,5.35,112352,102027.5,7.5,5.0,2099634,60500
New Mexico,2020,5.35,134305,98790.0,9.0,7.9,2118390,57380
New Mexico,2021,5.35,162798,109582.8,10.5,7.1,2116677,57650
New Mexico,2022,5.35,154032,122114.8,11.5,4.0,2113344,56420
New York,2005,7.5,11498,1016037.5,6.0,5.0,19132610,68010
New York,2006,7.5,13276,1075154.6,6.75,4.5,19104631,67550
New York,2007,7.5,14097,1119381.5,7.15,4.6,19132335,66850
New York,2008,7.1,13810,1116591.0,7.15,5.4,19212436,66480
New York,2009,7.1,11827,1160081.3,7.25,8.3,19307066,66430
New York,2010,7.1,12090,1223529.7,7.25,8.6,19399956,64960
New York,2011,7.1,12486,1247605.8,7.25,8.3,19499921,64090
New York,2012,7.1,12348,1328233.5,7.25,8.5,19574362,59200
New York,2013,7.1,11987,1365529.0,7.25,7.7,19626488,61300
New York,2014,7.1,13247,1430923.3,8.0,6.3,19653431,65690
New York,2015,6.5,12767,1487627.6,8.75,5.3,19657321,70210
New York,2016,6.5,13003,1551354.1,9.0,4.9,19636391,73720
New York,2017,6.5,16131,1604649.9,9.7,4.7,19593849,72570
New York,2018,6.5,17953,1697661.4,10.4,4.1,19544098,77760
New York,2019,6.5,17447,1787666.0,11.1,3.9,19463131,81840
New York,2020,6.5,18186,1740804.7,11.8,9.8,20108296,77400
New York,2021,6.5,24444,1901296.5,12.5,7.0,19857492,78630
New York,2022,6.88,26969,2053179.7,13.2,4.3,19677151,75910
North Carolina ,2005,6.9,43656,355469.7,5.15,5.2,8705407,60620
North Carolina ,2006,6.9,44365,387525.0,5.15,4.7,8917270,55750
North Carolina ,2007,6.9,42912,401490.9,6.15,4.7,9118037,59430
North Carolina ,2008,6.9,43692,418793.4,6.55,6.1,9309449,56560
North Carolina ,2009,6.9,37404,411155.8,7.25,10.6,9449566,55440
North Carolina ,2010,6.9,36111,420027.6,7.25,10.9,9574586,57200
North Carolina ,2011,6.9,38997,431722.7,7.25,10.3,9658913,57210
North Carolina ,2012,6.9,38370,445095.3,7.25,9.3,9751810,51600
North Carolina ,2013,6.9,39495,462268.9,7.25,8.0,9846717,56850
North Carolina ,2014,6.0,41673,483191.3,7.25,6.3,9937295,56590
North Carolina ,2015,4.0,40051,508928.7,7.25,5.7,10037218,61490
North Carolina ,2016,4.0,40031,526029.8,7.25,5.1,10161802,64510
North Carolina ,2017,3.0,43329,548522.1,7.25,4.5,10275758,58420
North Carolina ,2018,3.0,45819,567836.2,7.25,3.9,10391358,61690
North Carolina ,2019,2.5,42210,594521.0,7.25,3.9,10501384,69660
North Carolina ,2020,2.5,51786,598915.9,7.25,7.2,10449445,68120
North Carolina ,2021,2.5,67786,662120.8,7.25,4.9,10565885,67820
North Carolina ,2022,2.5,61820,730072.4,7.25,3.7,10698973,65070
North Dakota,2005,5.14,173019,24700.0,5.15,3.4,646089,60820
North Dakota,2006,5.14,179132,26500.7,5.15,3.2,649422,57500
North Dakota,2007,5.14,182101,29075.4,5.15,3.1,652822,64470
North Dakota,2008,5.04,176082,31874.4,6.55,3.2,657569,65390
North Dakota,2009,5.04,169482,32226.0,7.25,4.1,664968,66240
North Dakota,2010,4.77,184317,35676.2,7.25,3.8,674752,66560
North Dakota,2011,4.58,189082,41587.7,7.25,3.5,685526,71330
North Dakota,2012,3.68,187118,51832.6,7.25,3.1,702227,69240
North Dakota,2013,3.69,193132,54271.0,7.25,2.9,723149,72570
North Dakota,2014,3.25,195021,59926.3,7.25,2.7,738736,73460
North Dakota,2015,3.09,199023,55996.9,7.25,2.8,755537,69500
North Dakota,2016,3.09,202399,51989.2,7.25,3.1,756114,72210
North Dakota,2017,3.09,214523,55394.7,7.25,2.7,756755,70950
North Dakota,2018,3.09,226804,59248.7,7.25,2.6,760062,76870
North Dakota,2019,3.09,229007,59199.2,7.25,2.2,763724,79760
North Dakota,2020,3.09,253660,54422.9,7.25,5.0,779518,72270
North Dakota,2021,3.09,309684,63559.6,7.25,3.1,777934,74280
North Dakota,2022,3.09,298059,73267.1,7.25,2.1,779261,78720
Ohio ,2005,6.8,66112,468891.6,4.25,5.9,11463320,63720
Ohio ,2006,6.8,66932,482738.1,4.25,5.4,11481213,64300
Ohio ,2007,6.8,67894,497761.5,6.85,5.6,11500468,67060
Ohio ,2008,6.8,68287,496919.4,7.0,6.4,11515391,61840
Ohio ,2009,0.26,67582,482281.1,7.3,10.3,11528896,60690
Ohio ,2010,0.26,69578,500515.3,7.3,10.3,11539449,59880
Ohio ,2011,0.0,72454,528189.9,7.4,8.8,11545735,56510
Ohio ,2012,0.0,71971,545740.1,7.7,7.4,11550971,55100
Ohio ,2013,0.0,70503,566532.4,7.85,7.5,11579692,62260
Ohio ,2014,0.0,71121,595640.9,7.95,5.8,11606573,60050
Ohio ,2015,0.0,73257,611019.5,8.1,4.9,11622315,64520
Ohio ,2016,0.0,76671,623265.3,8.1,5.0,11640060,64770
Ohio ,2017,0.0,85135,645636.8,8.15,5.0,11665706,71560
Ohio ,2018,0.0,90856,667115.6,8.3,4.6,11680892,71240
Ohio ,2019,0.0,94932,697166.8,8.55,4.2,11696507,73650
Ohio ,2020,0.0,127113,684382.5,8.7,8.2,11797517,68060
Ohio ,2021,0.0,155255,756617.2,8.8,5.1,11764342,67600
Ohio ,2022,0.0,139706,822669.7,9.3,4.0,11756058,67520
Oklahoma,2005,6.0,26792,125081.6,5.15,4.5,3548597,54270
Oklahoma,2006,6.0,27866,137436.5,5.15,4.0,3594090,54410
Oklahoma,2007,6.0,27929,145752.1,5.15,4.1,3634349,59030
Oklahoma,2008,6.0,29192,160763.7,5.85,3.7,3668976,60750
Oklahoma,2009,6.0,26512,146633.0,6.55,6.4,3717572,60690
Oklahoma,2010,6.0,27439,154287.4,7.25,6.8,3760014,56250
Oklahoma,2011,6.0,27797,166235.8,7.25,5.9,3788824,61330
Oklahoma,2012,6.0,28169,174874.4,7.25,5.2,3819320,60110
Oklahoma,2013,6.0,28655,182694.7,7.25,5.3,3853891,56630
Oklahoma,2014,6.0,29402,196631.6,7.25,4.5,3879187,57090
Oklahoma,2015,6.0,29691,186815.6,7.25,4.4,3910518,56990
Oklahoma,2016,6.0,32671,181244.4,7.25,4.8,3928143,61120
Oklahoma,2017,6.0,35569,190553.0,7.25,4.2,3933602,61180
Oklahoma,2018,6.0,39807,202712.5,7.25,3.4,3943488,62920
Oklahoma,2019,6.0,40931,204192.5,7.25,3.1,3960676,67650
Oklahoma,2020,6.0,45659,190063.6,7.25,6.3,3964912,59150
Oklahoma,2021,6.0,57833,215336.3,7.25,4.0,3991225,64800
Oklahoma,2022,4.0,55020,240534.3,7.25,3.0,4019800,63440
Oregon,2005,6.6,29470,143507.8,7.25,6.2,3613202,63660
Oregon,2006,6.6,32718,153593.1,7.5,5.3,3670883,65970
Oregon,2007,6.6,33070,159585.2,7.8,5.2,3722417,68610
Oregon,2008,6.6,31932,164925.4,7.95,6.5,3768748,68150
Oregon,2009,7.25,28823,159607.3,8.4,11.3,3808600,64950
Oregon,2010,7.25,29082,164137.2,8.4,10.6,3837614,66030
Oregon,2011,7.1,29018,170630.9,8.5,9.5,3872672,65210
Oregon,2012,7.1,28501,174611.0,8.8,8.8,3900102,64290
Oregon,2013,7.1,29272,179527.7,8.95,7.9,3924110,60110
Oregon,2014,7.1,30306,188120.7,9.1,6.8,3965447,71220
Oregon,2015,7.1,34206,200659.6,9.25,5.6,4018542,73640
Oregon,2016,7.1,35948,211305.9,9.75,4.8,4093271,70950
Oregon,2017,7.1,38137,222601.6,10.75,4.1,4147294,73690
Oregon,2018,7.1,41312,237113.7,10.75,4.2,4183538,79950
Oregon,2019,7.1,39172,247233.1,11.25,3.7,4216116,84760
Oregon,2020,7.1,40396,247966.7,12.0,7.6,4244795,86630
Oregon,2021,7.1,49731,272190.9,12.75,5.2,4256301,88260
Oregon,2022,7.1,49277,299125.5,13.5,4.2,4240137,86780
Pennsylvania,2005,9.99,75425,511731.4,5.15,5.0,12449990,66740
Pennsylvania,2006,9.99,78374,531274.1,5.15,4.6,12510809,67910
Pennsylvania,2007,9.99,77582,565831.8,6.25,4.4,12563937,66160
Pennsylvania,2008,9.99,74321,588024.6,7.15,5.3,12612285,67720
Pennsylvania,2009,9.99,69982,582144.8,7.25,8.0,12666858,63720
Pennsylvania,2010,9.99,71692,604736.8,7.25,8.5,12711406,63050
Pennsylvania,2011,9.99,74223,624819.7,7.25,7.9,12747052,63170
Pennsylvania,2012,9.99,74492,647925.9,7.25,7.8,12769123,64450
Pennsylvania,2013,9.99,75639,668569.1,7.25,7.4,12779538,67670
Pennsylvania,2014,9.99,76668,694142.6,7.25,5.9,12792392,66740
Pennsylvania,2015,9.99,79975,714202.9,7.25,5.3,12789838,73100
Pennsylvania,2016,9.99,83636,726561.9,7.25,5.4,12788468,73170
Pennsylvania,2017,9.99,91445,746441.0,7.25,4.9,12794679,72260
Pennsylvania,2018,9.99,98306,773977.4,7.25,4.3,12809107,74580
Pennsylvania,2019,9.99,102657,799888.8,7.25,4.3,12798883,80390
Pennsylvania,2020,9.99,127178,771613.2,7.25,8.9,12994440,79800
Pennsylvania,2021,9.99,158315,844496.5,7.25,6.0,13012059,78310
Pennsylvania,2022,9.99,138402,923088.8,7.25,4.4,12972008,72210
Rhode Island,2005,9.0,7233,44374.1,6.75,5.0,1067916,71330
Rhode Island,2006,9.0,7313,47204.4,6.75,4.9,1063096,75280
Rhode Island,2007,9.0,7132,47340.8,7.4,5.2,1057315,74040
Rhode Island,2008,9.0,6616,47277.5,7.4,7.8,1055003,70150
Rhode Island,2009,9.0,6134,47702.2,7.4,11.0,1053646,68300
Rhode Island,2010,9.0,6349,49468.3,7.4,11.2,1053994,67370
Rhode Island,2011,9.0,6355,50206.1,7.4,11.0,1053829,62060
Rhode Island,2012,9.0,6285,51583.0,7.4,10.4,1054893,69610
Rhode Island,2013,9.0,6142,53034.1,7.75,9.3,1055560,69100
Rhode Island,2014,9.0,6602,54559.7,8.0,7.7,1056511,70920
Rhode Island,2015,7.0,6615,56390.8,9.0,6.0,1056886,67430
Rhode Island,2016,7.0,6745,57353.5,9.0,5.2,1057816,73830
Rhode Island,2017,7.0,8200,58085.0,9.6,4.4,1056554,77120
Rhode Island,2018,7.0,10227,59290.8,10.1,4.1,1059338,71970
Rhode Island,2019,7.0,8482,61642.8,10.5,3.5,1058158,79900
Rhode Island,2020,7.0,8973,60770.6,11.5,9.2,1096345,90380
Rhode Island,2021,7.0,11414,66570.9,11.5,5.5,1096985,80850
Rhode Island,2022,7.0,10876,71402.2,12.25,3.2,1093734,80650
South Carolina,2005,5.0,33219,145403.6,5.15,6.7,4270150,57990
South Carolina,2006,5.0,36189,153647.7,5.15,6.4,4357847,55500
South Carolina,2007,5.0,37494,162746.3,5.85,5.7,4444110,60390
South Carolina,2008,5.0,36316,163886.2,6.55,6.8,4528996,55540
South Carolina,2009,5.0,32495,161813.5,7.25,11.2,4589872,54370
South Carolina,2010,5.0,31605,165860.0,7.25,11.2,4635846,54410
South Carolina,2011,5.0,31675,172075.1,7.25,10.6,4672655,50730
South Carolina,2012,5.0,32141,177618.1,7.25,9.2,4719027,55130
South Carolina,2013,5.0,33160,185009.1,7.25,7.6,4766469,53440
South Carolina,2014,5.0,34962,194352.7,7.25,6.5,4826858,54350
South Carolina,2015,5.0,37473,205816.7,7.25,6.0,4896006,56120
South Carolina,2016,5.0,41311,215120.2,7.25,5.0,4963031,65200
South Carolina,2017,5.0,45294,223266.7,7.25,4.3,5027102,64310
South Carolina,2018,5.0,49144,233251.4,7.25,3.4,5091702,66400
South Carolina,2019,5.0,51469,245987.2,7.25,2.8,5157702,70650
South Carolina,2020,5.0,70997,245359.5,7.25,6.0,5131848,68020
South Carolina,2021,5.0,96158,269802.5,7.25,3.9,5193266,67440
South Carolina,2022,5.0,90534,295880.5,7.25,3.2,5282634,61770
South Dakota,2005,0.0,5506,30997.4,5.15,3.8,775493,62200
South Dakota,2006,0.0,5816,32364.5,5.15,3.1,783033,63640
South Dakota,2007,0.0,5550,35073.0,5.15,2.8,791623,63400
South Dakota,2008,0.0,5588,36603.0,5.85,3.1,799124,67980
South Dakota,2009,0.0,5332,36432.9,6.55,4.9,807067,60620
South Dakota,2010,0.0,5562,37852.5,7.25,5.0,816193,59180
South Dakota,2011,0.0,5953,41892.1,7.25,4.7,823740,59770
South Dakota,2012,0.0,5960,43901.5,7.25,4.3,833859,61360
South Dakota,2013,0.0,6148,45361.0,7.25,3.8,842751,65530
South Dakota,2014,0.0,6442,46785.4,7.25,3.4,849670,64170
South Dakota,2015,0.0,6477,48070.2,8.5,3.1,854663,66660
South Dakota,2016,0.0,6312,49151.4,8.5,3.0,863693,68930
South Dakota,2017,0.0,8438,50232.5,8.65,3.2,873732,67110
South Dakota,2018,0.0,9711,52299.3,8.65,3.0,879386,68730
South Dakota,2019,0.0,7789,54001.3,9.1,2.8,887127,73190
South Dakota,2020,0.0,7760,55681.2,9.3,4.2,887799,79120
South Dakota,2021,0.0,10158,61684.7,9.45,2.6,896164,79680
South Dakota,2022,0.0,10365,67570.7,9.95,2.1,909824,67180
Tennessee,2005,6.5,36952,231633.5,5.15,5.6,5991057,56800
Tennessee,2006,6.5,40634,243583.9,5.15,5.2,6088766,57010
Tennessee,2007,6.5,41741,248692.4,5.85,4.7,6175727,56270
Tennessee,2008,6.5,39107,254242.0,5.58,6.6,6247411,52310
Tennessee,2009,6.5,36242,252332.8,7.25,10.5,6306019,53600
Tennessee,2010,6.5,36740,257776.0,7.25,9.7,6355518,50360
Tennessee,2011,6.5,42903,269814.2,7.25,9.0,6400298,53510
Tennessee,2012,6.5,40018,286341.5,7.25,7.8,6455752,53390
Tennessee,2013,6.5,40281,295862.7,7.25,7.8,6496943,53200
Tennessee,2014,6.5,42194,306153.1,7.25,6.6,6544617,52880
Tennessee,2015,6.5,44264,325294.0,7.25,5.6,6595354,57290
Tennessee,2016,6.5,46449,336413.9,7.25,4.7,6651277,61610
Tennessee,2017,6.5,51125,350838.7,7.25,3.8,6714748,65210
Tennessee,2018,6.5,56918,363055.5,7.25,3.5,6778180,64800
Tennessee,2019,6.5,58670,380128.5,7.25,3.3,6830325,64500
Tennessee,2020,6.5,75273,379007.1,7.25,7.5,6925619,61970
Tennessee,2021,6.5,94194,427125.5,7.25,4.5,6968351,67030
Tennessee,2022,6.5,91283,475755.1,7.25,3.4,7051339,65380
Texas,2005,0.0,174117,995252.4,5.15,5.4,22778123,59710
Texas,2006,4.5,186725,1103197.6,5.15,4.9,23359580,60670
Texas,2007,4.5,190621,1191093.1,5.15,4.3,23831983,62900
Texas,2008,1.0,191123,1244294.9,5.85,4.8,24309039,61250
Texas,2009,0.0,184426,1169607.7,6.55,7.6,24801761,62800
Texas,2010,0.0,196205,1245959.4,7.25,8.1,25241897,61680
Texas,2011,0.0,205197,1341334.4,7.25,7.8,25645504,62080
Texas,2012,0.0,207042,1421180.1,7.25,6.7,26084120,64480
Texas,2013,0.0,212102,1515195.6,7.25,6.3,26479646,63070
Texas,2014,0.0,224670,1579299.5,7.25,5.1,26963092,65170
Texas,2015,0.0,237389,1573498.4,7.25,4.4,27468531,68360
Texas,2016,0.0,258546,1579014.9,7.25,4.6,27914064,69770
Texas,2017,0.0,275271,1673234.3,7.25,4.3,28291024,70860
Texas,2018,0.0,298257,1809396.7,7.25,3.9,28624564,69100
Texas,2019,0.0,305036,1858757.8,7.25,3.5,28986794,76820
Texas,2020,0.0,386181,1789933.4,7.25,7.7,29232474,77110
Texas,2021,0.0,494210,2051768.6,7.25,5.6,29558864,72680
Texas,2022,0.0,464959,2355959.7,7.25,3.9,30029572,74640
Utah,2005,5.0,29025,95355.1,5.15,4.1,2457719,79010
Utah,2006,5.0,34314,106537.3,5.15,3.0,2525507,76530
Utah,2007,5.0,35927,114813.4,5.15,2.6,2597746,73110
Utah,2008,5.0,34607,117178.9,5.85,3.6,2663029,82390
Utah,2009,5.0,32372,113985.4,6.55,7.3,2723421,77370
Utah,2010,5.0,31132,118669.8,7.25,7.8,2775413,73990
Utah,2011,5.0,31159,125565.0,7.25,6.7,2814797,70230
Utah,2012,5.0,34263,129512.5,7.25,5.4,2854146,72440
Utah,2013,5.0,37041,135450.4,7.25,4.6,2898773,74890
Utah,2014,5.0,39003,142150.1,7.25,3.8,2938327,76670
Utah,2015,5.0,40998,149153.4,7.25,3.6,2983626,80200
Utah,2016,5.0,43316,157827.3,7.25,3.4,3044241,80970
Utah,2017,5.0,47057,168649.9,7.25,3.3,3103540,82290
Utah,2018,5.0,49651,184457.5,7.25,3.1,3155153,89080
Utah,2019,4.95,49675,196538.9,7.25,2.5,3203383,96270
Utah,2020,4.95,51210,202133.4,7.25,4.8,3283785,94680
Utah,2021,4.95,63124,225340.3,7.25,2.7,3339113,94510
Utah,2022,4.85,65064,248176.3,7.25,2.3,3380800,95800
Vermont,2005,8.51,63870,23608.6,7.0,3.5,621215,73090
Vermont,2006,8.51,68151,24331.5,7.25,3.7,622892,72820
Vermont,2007,7.66,67781,24797.7,7.53,4.0,623481,64730
Vermont,2008,7.17,65987,25999.3,7.68,4.7,624151,66810
Vermont,2009,7.17,62778,26099.2,8.06,6.6,624817,69210
Vermont,2010,7.17,61178,27406.6,8.06,6.1,625886,72980
Vermont,2011,7.17,64330,28418.7,8.15,5.5,627197,65640
Vermont,2012,7.17,67311,29241.3,8.46,5.0,626361,69010
Vermont,2013,7.17,68501,29289.6,8.6,4.4,626603,80370
Vermont,2014,7.17,70563,30099.4,8.73,3.9,625693,73430
Vermont,2015,7.17,72416,30933.3,9.15,3.6,625810,72020
Vermont,2016,7.17,75226,31661.2,9.6,3.2,624366,73000
Vermont,2017,7.17,81074,32266.1,10.0,3.0,625132,75090
Vermont,2018,7.17,86462,33066.8,10.5,2.7,624802,80990
Vermont,2019,7.17,87932,34230.8,10.78,2.1,624046,84630
Vermont,2020,7.17,106991,34018.6,10.96,5.7,642893,75810
Vermont,2021,7.17,130908,37103.8,11.75,3.7,646972,82040
Vermont,2022,7.17,123426,40617.1,12.55,2.6,647064,72190
Virginia,2005,6.0,4516,358069.7,5.15,3.6,7577105,74840
Virginia,2006,6.0,4564,376235.7,5.15,3.1,7673725,80020
Virginia,2007,6.0,4549,391699.8,5.15,3.0,7751000,80800
Virginia,2008,6.0,4289,404634.9,5.85,3.9,7833496,81670
Virginia,2009,6.0,3818,410967.4,6.55,6.7,7925937,80030
Virginia,2010,6.0,4086,426992.4,7.25,7.1,8024004,78780
Virginia,2011,6.0,3883,435180.3,7.25,6.6,8102437,79250
Virginia,2012,6.0,4084,445973.6,7.25,6.1,8187456,80250
Virginia,2013,6.0,3883,457640.5,7.25,5.7,8255861,80850
Virginia,2014,6.0,4157,465181.8,7.25,5.2,8315430,80020
Virginia,2015,6.0,4503,483786.5,7.25,4.5,8367303,74430
Virginia,2016,6.0,4581,496021.1,7.25,4.1,8417651,79730
Virginia,2017,6.0,5312,511114.9,7.25,3.7,8471011,83500
Virginia,2018,6.0,6597,532906.5,7.25,3.0,8510920,89180
Virginia,2019,6.0,5608,557764.4,7.25,2.8,8556642,92610
Virginia,2020,6.0,5654,556992.6,7.25,6.5,8636471,92670
Virginia,2021,6.0,7471,604957.6,9.5,3.9,8657365,86550
Virginia,2022,6.0,7461,649392.6,11.0,2.9,8683619,85170
Washington,2005,0.0,49488,293676.0,7.35,5.6,6257305,73010
Washington,2006,0.0,52131,314265.2,7.63,5.0,6370753,76660
Washington,2007,0.0,53333,342024.2,7.93,4.7,6461587,79330
Washington,2008,0.0,50110,354794.1,8.07,5.4,6562231,74610
Washington,2009,0.0,45095,351245.0,8.55,9.2,6667426,79890
Washington,2010,0.0,46675,365497.8,8.55,10.0,6743009,73290
Washington,2011,0.0,48365,379574.9,8.67,9.3,6827479,71950
Washington,2012,0.0,47661,400530.6,9.04,8.1,6898599,77220
Washington,2013,0.0,48558,419092.4,9.19,7.0,6966252,78420
Washington,2014,0.0,50370,440648.0,9.32,6.1,7057531,71450
Washington,2015,0.0,53530,466689.7,9.47,5.6,7167287,81400
Washington,2016,0.0,57923,487275.1,9.47,5.3,7299961,84360
Washington,2017,0.0,61992,519409.6,11.0,4.7,7427951,84360
Washington,2018,0.0,68902,564313.9,11.5,4.5,7526793,92150
Washington,2019,0.0,70306,595231.8,12.0,4.2,7614024,93910
Washington,2020,0.0,76273,612969.1,13.5,8.5,7724031,91710
Washington,2021,0.0,92328,677489.5,13.69,5.2,7740745,94510
Washington,2022,0.0,88376,725513.5,14.49,4.2,7785786,89430
West Virginia,2005,9.0,37633,53492.5,5.15,5.1,1820492,52540
West Virginia,2006,9.0,37997,57010.0,5.15,4.9,1827912,53820
West Virginia,2007,9.0,37388,59273.5,5.85,4.6,1834052,57490
West Virginia,2008,8.75,37311,62694.8,6.55,4.3,1840310,50060
West Virginia,2009,8.5,34923,63600.7,7.25,7.7,1847775,53560
West Virginia,2010,8.5,36578,65998.7,7.25,8.7,1854265,55820
West Virginia,2011,8.5,36052,69234.1,7.25,8.1,1856606,52930
West Virginia,2012,7.75,36032,70322.2,7.25,7.5,1857446,54080
West Virginia,2013,7.0,35492,71481.5,7.25,6.8,1854768,52840
West Virginia,2014,6.5,36028,72648.2,7.25,6.6,1850569,47840
West Virginia,2015,6.5,37155,71318.5,8.0,6.7,1843332,51840
West Virginia,2016,6.5,37548,70924.4,8.75,6.1,1832435,53220
West Virginia,2017,6.5,41005,74820.1,8.75,5.2,1818683,55370
West Virginia,2018,6.5,45246,79192.9,8.75,5.3,1805953,58460
West Virginia,2019,6.5,43717,79325.6,8.75,5.0,1795263,61170
West Virginia,2020,6.5,52766,76547.9,8.75,8.2,1791420,58580
West Virginia,2021,6.5,65074,85434.2,8.75,5.1,1785526,50500
West Virginia,2022,6.5,64151,95588.4,8.75,3.9,1775156,52460
Wisconsin ,2005,7.9,9085,227297.0,5.15,4.7,5546166,64360
Wisconsin ,2006,7.9,9438,237569.3,5.7,4.7,5577655,72410
Wisconsin ,2007,7.9,9314,245839.5,6.5,4.9,5610775,70040
Wisconsin ,2008,7.9,9077,246814.5,6.5,4.9,5640996,67460
Wisconsin ,2009,7.9,7985,247210.0,6.5,8.6,5669264,67780
Wisconsin ,2010,7.9,8245,256432.9,7.25,8.7,5690538,65710
Wisconsin ,2011,7.9,8159,266364.4,7.25,7.8,5705840,65890
Wisconsin ,2012,7.9,8515,277107.1,7.25,7.0,5720825,65910
Wisconsin ,2013,7.9,8245,284270.9,7.25,6.7,5738012,63460
Wisconsin ,2014,7.9,8587,295696.0,7.25,5.4,5753199,70250
Wisconsin ,2015,7.9,8590,307507.9,7.25,4.6,5762927,67090
Wisconsin ,2016,7.9,9285,314073.3,7.25,4.0,5775170,71770
Wisconsin ,2017,7.9,10235,318310.4,7.25,3.3,5793147,74850
Wisconsin ,2018,7.9,11197,332498.6,7.25,3.0,5809319,72390
Wisconsin ,2019,7.9,9945,345236.4,7.25,3.2,5824581,76720
Wisconsin ,2020,7.9,10889,340591.1,7.25,6.4,5896271,75980
Wisconsin ,2021,7.9,13261,368611.3,7.25,3.8,5880101,75420
Wisconsin ,2022,7.9,13770,401791.5,7.25,2.9,5892539,73330
Wyoming,2005,0.0,5442,27576.3,5.15,3.6,514157,64460
Wyoming,2006,0.0,6100,32740.3,5.15,3.2,522667,65900
Wyoming,2007,0.0,6451,36950.8,5.15,2.8,534876,66580
Wyoming,2008,0.0,7940,42819.3,6.55,3.1,546043,70270
Wyoming,2009,0.0,6937,36252.0,7.25,6.3,559851,69410
Wyoming,2010,0.0,7554,37680.7,7.25,6.4,564531,68120
Wyoming,2011,0.0,7848,39751.4,7.25,5.8,567491,68990
Wyoming,2012,0.0,7929,38855.4,7.25,5.3,576656,71410
Wyoming,2013,0.0,8409,39289.8,7.25,4.7,582620,82740
Wyoming,2014,0.0,8890,40310.6,7.25,4.1,583159,67360
Wyoming,2015,0.0,9728,38426.9,7.25,4.3,586389,73750
Wyoming,2016,0.0,13844,35879.0,7.25,5.3,585243,69390
Wyoming,2017,0.0,17399,36980.7,7.25,4.2,579994,70200
Wyoming,2018,0.0,19712,39171.7,7.25,4.1,579054,72290
Wyoming,2019,0.0,18796,39428.0,7.25,3.7,580116,74190
Wyoming,2020,0.0,24646,36330.4,7.25,5.9,577605,73780
Wyoming,2021,0.0,33741,41510.2,7.25,4.6,579483,76620
Wyoming,2022,0.0,41561,47432.5,7.25,3.6,581381,73090
